{
  "requests": 40,
  "errors": 0,
  "concurrency": 4,
  "total_ms": {
    "p50": 35427.819833974354,
    "p95": 75108.49220794626,
    "p99": 79977.80087508727
  },
  "stage_ms": {
    "embed": {
      "p50": 239.6,
      "p95": 799.6,
      "p99": 1578.5
    },
    "retrieve": {
      "p50": 34729.8,
      "p95": 74247.1,
      "p99": 77636.1
    },
    "assemble": {
      "p50": 0.7,
      "p95": 4.4,
      "p99": 409.7
    },
    "generate": {
      "p50": 1092.0,
      "p95": 3392.4,
      "p99": 4396.2
    }
  }
}