{
  "requests": 20,
  "errors": 14,
  "concurrency": 1,
  "total_ms": {
    "p50": 18298.014750005677,
    "p95": 19987.256166990846,
    "p99": 19987.256166990846
  },
  "stage_ms": {
    "embed": {
      "p50": 202.0,
      "p95": 257.7,
      "p99": 257.7
    },
    "retrieve": {
      "p50": 17577.5,
      "p95": 18461.4,
      "p99": 18461.4
    },
    "assemble": {
      "p50": 0.8,
      "p95": 5.1,
      "p99": 5.1
    },
    "generate": {
      "p50": 650.8,
      "p95": 1300.7,
      "p99": 1300.7
    }
  }
}