{
  "off": {
    "recall_at_k": {
      "1": 0.875,
      "3": 1.0,
      "5": 1.0,
      "8": 1.0
    },
    "latency_ms": {
      "p50": 1307.2579170111567,
      "p95": 3550.789250060916,
      "mean": 1690.6150599388639
    },
    "n": 16
  },
  "on": {
    "recall_at_k": {
      "1": 0.9375,
      "3": 1.0,
      "5": 1.0,
      "8": 1.0
    },
    "latency_ms": {
      "p50": 18792.18916699756,
      "p95": 22492.234125034884,
      "mean": 18822.34645581775
    },
    "n": 16
  },
  "delta": {
    "recall_at_k": {
      "1": 0.0625,
      "3": 0.0,
      "5": 0.0,
      "8": 0.0
    },
    "p95_ms": 18941.444874973968
  }
}